{"cameraMode":{"drawMode":0,"name":"Shaded","section":"Shading Mode"},"sceneLighting":true,"audioPlay":false,"sceneViewState":{"m_AlwaysRefresh":false,"showFog":true,"showSkybox":true,"showFlares":true,"showImageEffects":true,"showParticleSystems":true,"showVisualEffectGraphs":true,"m_FxEnabled":true},"in2DMode":false,"pivot":{"x":21.304176330566408,"y":3.3222951889038088,"z":6.4663190841674809},"rotation":{"x":-0.052239492535591128,"y":-0.68900066614151,"z":0.04990827664732933,"w":-0.7211727499961853},"size":18.103445053100587,"orthographic":false}